{
  "students": [
    {
      "id": "8496",
      "studentName": "Altaf",
      "studentEmail": "altaf@gmail.com",
      "studentBranch": "btech"
    },
    {
      "id": "e9d8",
      "studentName": "Chandan",
      "studentEmail": "chandan@gmail.com",
      "studentBranch": "mca"
    },
    {
      "id": "4183",
      "studentName": "Kunal",
      "studentEmail": "kunal@gmail.com",
      "studentBranch": "bca"
    }
  ],
  "posts": [
    {
      "id": "1",
      "title": "a title",
      "views": 100
    },
    {
      "id": "2",
      "title": "another title",
      "views": 200
    }
  ],
  "comments": [
    {
      "id": "1",
      "text": "a comment about post 1",
      "postId": "1"
    },
    {
      "id": "2",
      "text": "another comment about post 1",
      "postId": "1"
    }
  ],
  "profile": {
    "name": "typicode"
  }
}